img_00000028_2.tif, 2
img_00000084_7.tif, 7
img_00000035_5.tif, 5
img_00000006_1.tif, 1
img_00000091_7.tif, 7
img_00000052_7.tif, 7
img_00000022_9.tif, 9
img_00000004_9.tif, 9
img_00000044_3.tif, 3
img_00000070_1.tif, 1
img_00000083_6.tif, 6
img_00000099_1.tif, 1
img_00000015_7.tif, 7
img_00000097_8.tif, 8
img_00000062_6.tif, 6
img_00000064_4.tif, 4
img_00000093_6.tif, 6
img_00000058_4.tif, 4
img_00000023_1.tif, 1
img_00000000_5.tif, 5
img_00000061_4.tif, 4
img_00000040_1.tif, 1
img_00000050_3.tif, 3
img_00000021_0.tif, 0
img_00000027_3.tif, 3
img_00000092_4.tif, 4
img_00000008_1.tif, 1
img_00000085_8.tif, 8
img_00000045_9.tif, 9
img_00000011_5.tif, 5
img_00000072_1.tif, 1
img_00000001_0.tif, 0
img_00000071_7.tif, 7
img_00000073_6.tif, 6
img_00000010_3.tif, 3
img_00000034_0.tif, 0
img_00000079_7.tif, 7
img_00000041_8.tif, 8
img_00000003_1.tif, 1
img_00000037_0.tif, 0
img_00000057_9.tif, 9
img_00000094_8.tif, 8
img_00000080_9.tif, 9
img_00000026_4.tif, 4
img_00000068_0.tif, 0
img_00000051_0.tif, 0
img_00000056_0.tif, 0
img_00000096_7.tif, 7
img_00000069_0.tif, 0
img_00000042_7.tif, 7
img_00000013_6.tif, 6
img_00000019_9.tif, 9
img_00000020_4.tif, 4
img_00000095_0.tif, 0
img_00000007_3.tif, 3
img_00000055_8.tif, 8
img_00000088_0.tif, 0
img_00000025_2.tif, 2
img_00000049_3.tif, 3
img_00000024_1.tif, 1
img_00000077_1.tif, 1
img_00000036_6.tif, 6
img_00000039_6.tif, 6
img_00000030_3.tif, 3
img_00000005_2.tif, 2
img_00000074_3.tif, 3
img_00000054_9.tif, 9
img_00000060_4.tif, 4
img_00000082_2.tif, 2
img_00000031_8.tif, 8
img_00000047_5.tif, 5
img_00000038_7.tif, 7
img_00000066_6.tif, 6
img_00000076_2.tif, 2
img_00000048_9.tif, 9
img_00000087_9.tif, 9
img_00000018_6.tif, 6
img_00000002_4.tif, 4
img_00000059_1.tif, 1
img_00000063_0.tif, 0
img_00000075_0.tif, 0
img_00000098_3.tif, 3
img_00000043_9.tif, 9
img_00000067_1.tif, 1
img_00000014_1.tif, 1
img_00000046_8.tif, 8
img_00000090_6.tif, 6
img_00000089_4.tif, 4
img_00000017_8.tif, 8
img_00000081_0.tif, 0
img_00000053_4.tif, 4
img_00000078_1.tif, 1
img_00000029_7.tif, 7
img_00000012_3.tif, 3
img_00000016_2.tif, 2
img_00000065_5.tif, 5
img_00000032_6.tif, 6
img_00000033_9.tif, 9
img_00000009_4.tif, 4
img_00000086_3.tif, 3
